06.03.2017 0:00,,,,,
06.03.2017 0:10,,,,,
06.03.2017 0:20,,,,,
06.03.2017 0:30,,,,,
06.03.2017 0:40,,,,,
06.03.2017 0:50,,,,,
06.03.2017 1:00,,,,,
06.03.2017 1:10,,,,,
06.03.2017 1:20,,,,,
06.03.2017 1:30,,,,,
06.03.2017 1:40,,,,,
06.03.2017 1:50,,,,,
06.03.2017 2:00,,,,,
06.03.2017 2:10,,,,,
06.03.2017 2:20,,,,,
06.03.2017 2:30,,,,,
06.03.2017 2:40,,,,,
06.03.2017 2:50,,,,,
06.03.2017 3:00,,,,,
06.03.2017 3:10,,,,,
06.03.2017 3:20,,,,,
06.03.2017 3:30,,,,,
06.03.2017 3:40,,,,,
06.03.2017 3:50,,,,,
06.03.2017 4:00,,,,,
06.03.2017 4:10,,,,,
06.03.2017 4:20,,,,,
06.03.2017 4:30,,,,,
06.03.2017 4:40,,,,,
06.03.2017 4:50,,,,,
06.03.2017 5:00,,,,,
06.03.2017 5:10,,,,,
06.03.2017 5:20,,,,,
06.03.2017 5:30,,,,,
06.03.2017 5:40,,,,,
06.03.2017 5:50,,,,,
06.03.2017 6:00,,,,,
06.03.2017 6:10,,,,,
06.03.2017 6:20,,,,,
06.03.2017 6:30,,,,,
06.03.2017 6:40,,,,,
06.03.2017 6:50,,,,,
06.03.2017 7:00,,,,,
06.03.2017 7:10,,,,,
06.03.2017 7:20,,,,,
06.03.2017 7:30,,,,,
06.03.2017 7:40,,,,,
06.03.2017 7:50,,,,,
06.03.2017 8:00,,,,,
06.03.2017 8:10,,,,,
06.03.2017 8:20,,,,,
06.03.2017 8:30,,,,,
06.03.2017 8:40,,,,,
06.03.2017 8:50,,,,,
06.03.2017 9:00,,,,,
06.03.2017 9:10,,,,,
06.03.2017 9:20,,,,,
06.03.2017 9:30,,,,,
06.03.2017 9:40,,,,,
06.03.2017 9:50,,,,,
06.03.2017 10:00,,,,,
06.03.2017 10:10,,,,,
06.03.2017 10:20,,,,,
06.03.2017 10:30,,,,,
06.03.2017 10:40,,,,,
06.03.2017 10:50,,,,,
06.03.2017 11:00,,,,,
06.03.2017 11:10,,,,,
06.03.2017 11:20,,,,,
06.03.2017 11:30,,,,,
06.03.2017 11:40,,,,,
06.03.2017 11:50,,,,,
06.03.2017 12:00,,,,,
06.03.2017 12:10,,,,,
06.03.2017 12:20,,,,,
06.03.2017 12:30,,,,,
06.03.2017 12:40,,,,,
06.03.2017 12:50,,,,,
06.03.2017 13:00,,,,,
06.03.2017 13:10,,,,,
06.03.2017 13:20,,,,,
06.03.2017 13:30,,,,,
06.03.2017 13:40,,,,,
06.03.2017 13:50,,,,,
06.03.2017 14:00,,,,,
06.03.2017 14:10,,,,,
06.03.2017 14:20,,,,,
06.03.2017 14:30,,,,,
06.03.2017 14:40,,,,,
06.03.2017 14:50,,,,,
06.03.2017 15:00,,,,,
06.03.2017 15:10,,,,,
06.03.2017 15:20,,,,,
06.03.2017 15:30,,,,,
06.03.2017 15:40,,,,,
06.03.2017 15:50,,,,,
06.03.2017 16:00,,,,,
06.03.2017 16:10,,,,,
06.03.2017 16:20,,,,,
06.03.2017 16:30,,,,,
06.03.2017 16:40,,,,,
06.03.2017 16:50,,,,,
06.03.2017 17:00,,,,,
06.03.2017 17:10,,,,,
06.03.2017 17:20,,,,,
06.03.2017 17:30,,,,,
06.03.2017 17:40,,,,,
06.03.2017 17:50,,,,,
06.03.2017 18:00,,,,,
06.03.2017 18:10,,,,,
06.03.2017 18:20,,,,,
06.03.2017 18:30,,,,,
06.03.2017 18:40,,,,,
06.03.2017 18:50,,,,,
06.03.2017 19:00,,,,,
06.03.2017 19:10,,,,,
06.03.2017 19:20,,,,,
06.03.2017 19:30,,,,,
06.03.2017 19:40,,,,,
06.03.2017 19:50,,,,,
06.03.2017 20:00,,,,,
06.03.2017 20:10,,,,,
06.03.2017 20:20,,,,,
06.03.2017 20:30,,,,,
06.03.2017 20:40,,,,,
06.03.2017 20:50,,,,,
06.03.2017 21:00,,,,,
06.03.2017 21:10,,,,,
06.03.2017 21:20,,,,,
06.03.2017 21:30,,,,,
06.03.2017 21:40,,,,,
06.03.2017 21:50,,,,,
06.03.2017 22:00,,,,,
06.03.2017 22:10,,,,,
06.03.2017 22:20,,,,,
06.03.2017 22:30,,,,,
06.03.2017 22:40,,,,,
06.03.2017 22:50,,,,,
06.03.2017 23:00,,,,,
06.03.2017 23:10,,,,,
06.03.2017 23:20,,,,,
06.03.2017 23:30,,,,,
06.03.2017 23:40,,,,,
06.03.2017 23:50,,,,,
07.03.2017 0:00,,,,,
07.03.2017 0:10,,,,,
07.03.2017 0:20,,,,,
07.03.2017 0:30,,,,,
07.03.2017 0:40,,,,,
07.03.2017 0:50,,,,,
07.03.2017 1:00,,,,,
07.03.2017 1:10,,,,,
07.03.2017 1:20,,,,,
07.03.2017 1:30,,,,,
07.03.2017 1:40,,,,,
07.03.2017 1:50,,,,,
07.03.2017 2:00,,,,,
07.03.2017 2:10,,,,,
07.03.2017 2:20,,,,,
07.03.2017 2:30,,,,,
07.03.2017 2:40,,,,,
07.03.2017 2:50,,,,,
07.03.2017 3:00,,,,,
07.03.2017 3:10,,,,,
07.03.2017 3:20,,,,,
07.03.2017 3:30,,,,,
07.03.2017 3:40,,,,,
07.03.2017 3:50,,,,,
07.03.2017 4:00,,,,,
07.03.2017 4:10,,,,,
07.03.2017 4:20,,,,,
07.03.2017 4:30,,,,,
07.03.2017 4:40,,,,,
07.03.2017 4:50,,,,,
07.03.2017 5:00,,,,,
07.03.2017 5:10,,,,,
07.03.2017 5:20,,,,,
07.03.2017 5:30,,,,,
07.03.2017 5:40,,,,,
07.03.2017 5:50,,,,,
07.03.2017 6:00,,,,,
07.03.2017 6:10,,,,,
07.03.2017 6:20,,,,,
07.03.2017 6:30,,,,,
07.03.2017 6:40,,,,,
07.03.2017 6:50,,,,,
07.03.2017 7:00,,,,,
07.03.2017 7:10,,,,,
07.03.2017 7:20,,,,,
07.03.2017 7:30,,,,,
07.03.2017 7:40,,,,,
07.03.2017 7:50,,,,,
07.03.2017 8:00,,,,,
07.03.2017 8:10,,,,,
07.03.2017 8:20,,,,,
07.03.2017 8:30,,,,,
07.03.2017 8:40,,,,,
07.03.2017 8:50,,,,,
07.03.2017 9:00,,,,,
07.03.2017 9:10,,,,,
07.03.2017 9:20,,,,,
07.03.2017 9:30,,,,,
07.03.2017 9:40,,,,,
07.03.2017 9:50,,,,,
07.03.2017 10:00,,,,,
07.03.2017 10:10,,,,,
07.03.2017 10:20,,,,,
07.03.2017 10:30,,,,,
07.03.2017 10:40,,,,,
07.03.2017 10:50,,,,,
07.03.2017 11:00,,,,,
07.03.2017 11:10,,,,,
07.03.2017 11:20,,,,,
07.03.2017 11:30,,,,,
07.03.2017 11:40,,,,,
07.03.2017 11:50,,,,,
07.03.2017 12:00,,,,,
07.03.2017 12:10,,,,,
07.03.2017 12:20,,,,,
07.03.2017 12:30,,,,,
07.03.2017 12:40,,,,,
07.03.2017 12:50,,,,,
07.03.2017 13:00,,,,,
07.03.2017 13:10,,,,,
07.03.2017 13:20,,,,,
07.03.2017 13:30,,,,,
07.03.2017 13:40,,,,,
07.03.2017 13:50,,,,,
07.03.2017 14:00,,,,,
07.03.2017 14:10,,,,,
07.03.2017 14:20,,,,,
07.03.2017 14:30,,,,,
07.03.2017 14:40,,,,,
07.03.2017 14:50,,,,,
07.03.2017 15:00,,,,,
07.03.2017 15:10,,,,,
07.03.2017 15:20,,,,,
07.03.2017 15:30,,,,,
07.03.2017 15:40,,,,,
07.03.2017 15:50,,,,,
07.03.2017 16:00,,,,,
07.03.2017 16:10,,,,,
07.03.2017 16:20,,,,,
07.03.2017 16:30,,,,,
07.03.2017 16:40,,,,,
07.03.2017 16:50,,,,,
07.03.2017 17:00,,,,,
07.03.2017 17:10,,,,,
07.03.2017 17:20,,,,,
07.03.2017 17:30,,,,,
07.03.2017 17:40,,,,,
07.03.2017 17:50,,,,,
07.03.2017 18:00,,,,,
07.03.2017 18:10,,,,,
07.03.2017 18:20,,,,,
07.03.2017 18:30,,,,,
07.03.2017 18:40,,,,,
07.03.2017 18:50,,,,,
07.03.2017 19:00,,,,,
07.03.2017 19:10,,,,,
07.03.2017 19:20,,,,,
07.03.2017 19:30,,,,,
07.03.2017 19:40,,,,,
07.03.2017 19:50,,,,,
07.03.2017 20:00,,,,,
07.03.2017 20:10,,,,,
07.03.2017 20:20,,,,,
07.03.2017 20:30,,,,,
07.03.2017 20:40,,,,,
07.03.2017 20:50,,,,,
07.03.2017 21:00,,,,,
07.03.2017 21:10,,,,,
07.03.2017 21:20,,,,,
07.03.2017 21:30,,,,,
07.03.2017 21:40,,,,,
07.03.2017 21:50,,,,,
07.03.2017 22:00,,,,,
07.03.2017 22:10,,,,,
07.03.2017 22:20,,,,,
07.03.2017 22:30,,,,,
07.03.2017 22:40,,,,,
07.03.2017 22:50,,,,,
07.03.2017 23:00,,,,,
07.03.2017 23:10,,,,,
07.03.2017 23:20,,,,,
07.03.2017 23:30,,,,,
07.03.2017 23:40,,,,,
07.03.2017 23:50,,,,,
08.03.2017 0:00,,,,,
08.03.2017 0:10,,,,,
08.03.2017 0:20,,,,,
08.03.2017 0:30,,,,,
08.03.2017 0:40,,,,,
08.03.2017 0:50,,,,,
08.03.2017 1:00,,,,,
08.03.2017 1:10,,,,,
08.03.2017 1:20,,,,,
08.03.2017 1:30,,,,,
08.03.2017 1:40,,,,,
08.03.2017 1:50,,,,,
08.03.2017 2:00,,,,,
08.03.2017 2:10,,,,,
08.03.2017 2:20,,,,,
08.03.2017 2:30,,,,,
08.03.2017 2:40,,,,,
08.03.2017 2:50,,,,,
08.03.2017 3:00,,,,,
08.03.2017 3:10,,,,,
08.03.2017 3:20,,,,,
08.03.2017 3:30,,,,,
08.03.2017 3:40,,,,,
08.03.2017 3:50,,,,,
08.03.2017 4:00,,,,,
08.03.2017 4:10,,,,,
08.03.2017 4:20,,,,,
08.03.2017 4:30,,,,,
08.03.2017 4:40,,,,,
08.03.2017 4:50,,,,,
08.03.2017 5:00,,,,,
08.03.2017 5:10,,,,,
08.03.2017 5:20,,,,,
08.03.2017 5:30,,,,,
08.03.2017 5:40,,,,,
08.03.2017 5:50,,,,,
08.03.2017 6:00,,,,,
08.03.2017 6:10,,,,,
08.03.2017 6:20,,,,,
08.03.2017 6:30,,,,,
08.03.2017 6:40,,,,,
08.03.2017 6:50,,,,,
08.03.2017 7:00,,,,,
08.03.2017 7:10,,,,,
08.03.2017 7:20,,,,,
08.03.2017 7:30,,,,,
08.03.2017 7:40,,,,,
08.03.2017 7:50,,,,,
08.03.2017 8:00,,,,,
08.03.2017 8:10,,,,,
08.03.2017 8:20,,,,,
08.03.2017 8:30,,,,,
08.03.2017 8:40,,,,,
08.03.2017 8:50,,,,,
08.03.2017 9:00,,,,,
08.03.2017 9:10,,,,,
08.03.2017 9:20,,,,,
08.03.2017 9:30,,,,,
08.03.2017 9:40,,,,,
08.03.2017 9:50,,,,,
08.03.2017 10:00,,,,,
08.03.2017 10:10,,,,,
08.03.2017 10:20,,,,,
08.03.2017 10:30,,,,,
08.03.2017 10:40,,,,,
08.03.2017 10:50,,,,,
08.03.2017 11:00,,,,,
08.03.2017 11:10,,,,,
08.03.2017 11:20,,,,,
08.03.2017 11:30,,,,,
08.03.2017 11:40,,,,,
08.03.2017 11:50,,,,,
08.03.2017 12:00,,,,,
08.03.2017 12:10,,,,,
08.03.2017 12:20,,,,,
08.03.2017 12:30,,,,,
08.03.2017 12:40,,,,,
08.03.2017 12:50,,,,,
08.03.2017 13:00,,,,,
08.03.2017 13:10,,,,,
08.03.2017 13:20,,,,,
08.03.2017 13:30,,,,,
08.03.2017 13:40,,,,,
08.03.2017 13:50,,,,,
08.03.2017 14:00,,,,,
08.03.2017 14:10,,,,,
08.03.2017 14:20,,,,,
08.03.2017 14:30,,,,,
08.03.2017 14:40,,,,,
08.03.2017 14:50,,,,,
08.03.2017 15:00,,,,,
08.03.2017 15:10,,,,,
08.03.2017 15:20,,,,,
08.03.2017 15:30,,,,,
08.03.2017 15:40,,,,,
08.03.2017 15:50,,,,,
08.03.2017 16:00,,,,,
08.03.2017 16:10,,,,,
08.03.2017 16:20,,,,,
08.03.2017 16:30,,,,,
08.03.2017 16:40,,,,,
08.03.2017 16:50,,,,,
08.03.2017 17:00,,,,,
08.03.2017 17:10,,,,,
08.03.2017 17:20,,,,,
08.03.2017 17:30,,,,,
08.03.2017 17:40,,,,,
08.03.2017 17:50,,,,,
08.03.2017 18:00,,,,,
08.03.2017 18:10,,,,,
08.03.2017 18:20,,,,,
08.03.2017 18:30,,,,,
08.03.2017 18:40,,,,,
08.03.2017 18:50,,,,,
08.03.2017 19:00,,,,,
08.03.2017 19:10,,,,,
08.03.2017 19:20,,,,,
08.03.2017 19:30,,,,,
08.03.2017 19:40,,,,,
08.03.2017 19:50,,,,,
08.03.2017 20:00,,,,,
08.03.2017 20:10,,,,,
08.03.2017 20:20,,,,,
08.03.2017 20:30,,,,,
08.03.2017 20:40,,,,,
08.03.2017 20:50,,,,,
08.03.2017 21:00,,,,,
08.03.2017 21:10,,,,,
08.03.2017 21:20,,,,,
08.03.2017 21:30,,,,,
08.03.2017 21:40,,,,,
08.03.2017 21:50,,,,,
08.03.2017 22:00,,,,,
08.03.2017 22:10,,,,,
08.03.2017 22:20,,,,,
08.03.2017 22:30,,,,,
08.03.2017 22:40,,,,,
08.03.2017 22:50,,,,,
08.03.2017 23:00,,,,,
08.03.2017 23:10,,,,,
08.03.2017 23:20,,,,,
08.03.2017 23:30,,,,,
08.03.2017 23:40,,,,,
08.03.2017 23:50,,,,,
09.03.2017 0:00,,,,,
09.03.2017 0:10,,,,,
09.03.2017 0:20,,,,,
09.03.2017 0:30,,,,,
09.03.2017 0:40,,,,,
09.03.2017 0:50,,,,,
09.03.2017 1:00,,,,,
09.03.2017 1:10,,,,,
09.03.2017 1:20,,,,,
09.03.2017 1:30,,,,,
09.03.2017 1:40,,,,,
09.03.2017 1:50,,,,,
09.03.2017 2:00,,,,,
09.03.2017 2:10,,,,,
09.03.2017 2:20,,,,,
09.03.2017 2:30,,,,,
09.03.2017 2:40,,,,,
09.03.2017 2:50,,,,,
09.03.2017 3:00,,,,,
09.03.2017 3:10,,,,,
09.03.2017 3:20,,,,,
09.03.2017 3:30,,,,,
09.03.2017 3:40,,,,,
09.03.2017 3:50,,,,,
09.03.2017 4:00,,,,,
09.03.2017 4:10,,,,,
09.03.2017 4:20,,,,,
09.03.2017 4:30,,,,,
09.03.2017 4:40,,,,,
09.03.2017 4:50,,,,,
09.03.2017 5:00,,,,,
09.03.2017 5:10,,,,,
09.03.2017 5:20,,,,,
09.03.2017 5:30,,,,,
09.03.2017 5:40,,,,,
09.03.2017 5:50,,,,,
09.03.2017 6:00,,,,,
09.03.2017 6:10,,,,,
09.03.2017 6:20,,,,,
09.03.2017 6:30,,,,,
09.03.2017 6:40,,,,,
09.03.2017 6:50,,,,,
09.03.2017 7:00,,,,,
09.03.2017 7:10,,,,,
09.03.2017 7:20,,,,,
09.03.2017 7:30,,,,,
09.03.2017 7:40,,,,,
09.03.2017 7:50,,,,,
09.03.2017 8:00,,,,,
09.03.2017 8:10,,,,,
09.03.2017 8:20,,,,,
09.03.2017 8:30,,,,,
09.03.2017 8:40,,,,,
09.03.2017 8:50,,,,,
09.03.2017 9:00,,,,,
09.03.2017 9:10,,,,,
09.03.2017 9:20,,,,,
09.03.2017 9:30,,,,,
09.03.2017 9:40,,,,,
09.03.2017 9:50,,,,,
09.03.2017 10:00,,,,,
09.03.2017 10:10,,,,,
09.03.2017 10:20,,,,,
09.03.2017 10:30,,,,,
09.03.2017 10:40,,,,,
09.03.2017 10:50,,,,,
09.03.2017 11:00,,,,,
09.03.2017 11:10,,,,,
09.03.2017 11:20,,,,,
09.03.2017 11:30,,,,,
09.03.2017 11:40,,,,,
09.03.2017 11:50,,,,,
09.03.2017 12:00,,,,,
09.03.2017 12:10,,,,,
09.03.2017 12:20,,,,,
09.03.2017 12:30,,,,,
09.03.2017 12:40,,,,,
09.03.2017 12:50,,,,,
09.03.2017 13:00,,,,,
09.03.2017 13:10,,,,,
09.03.2017 13:20,,,,,
09.03.2017 13:30,,,,,
09.03.2017 13:40,,,,,
09.03.2017 13:50,,,,,
09.03.2017 14:00,,,,,
09.03.2017 14:10,,,,,
09.03.2017 14:20,,,,,
09.03.2017 14:30,,,,,
09.03.2017 14:40,,,,,
09.03.2017 14:50,,,,,
09.03.2017 15:00,,,,,
09.03.2017 15:10,,,,,
09.03.2017 15:20,,,,,
09.03.2017 15:30,,,,,
09.03.2017 15:40,,,,,
09.03.2017 15:50,,,,,
09.03.2017 16:00,,,,,
09.03.2017 16:10,,,,,
09.03.2017 16:20,,,,,
09.03.2017 16:30,,,,,
09.03.2017 16:40,,,,,
09.03.2017 16:50,,,,,
09.03.2017 17:00,,,,,
09.03.2017 17:10,,,,,
09.03.2017 17:20,,,,,
09.03.2017 17:30,,,,,
09.03.2017 17:40,,,,,
09.03.2017 17:50,,,,,
09.03.2017 18:00,,,,,
09.03.2017 18:10,,,,,
09.03.2017 18:20,,,,,
09.03.2017 18:30,,,,,
09.03.2017 18:40,,,,,
09.03.2017 18:50,,,,,
09.03.2017 19:00,,,,,
09.03.2017 19:10,,,,,
09.03.2017 19:20,,,,,
09.03.2017 19:30,,,,,
09.03.2017 19:40,,,,,
09.03.2017 19:50,,,,,
09.03.2017 20:00,,,,,
09.03.2017 20:10,,,,,
09.03.2017 20:20,,,,,
09.03.2017 20:30,,,,,
09.03.2017 20:40,,,,,
09.03.2017 20:50,,,,,
09.03.2017 21:00,,,,,
09.03.2017 21:10,,,,,
09.03.2017 21:20,,,,,
09.03.2017 21:30,,,,,
09.03.2017 21:40,,,,,
09.03.2017 21:50,,,,,
09.03.2017 22:00,,,,,
09.03.2017 22:10,,,,,
09.03.2017 22:20,,,,,
09.03.2017 22:30,,,,,
09.03.2017 22:40,,,,,
09.03.2017 22:50,,,,,
09.03.2017 23:00,,,,,
09.03.2017 23:10,,,,,
09.03.2017 23:20,,,,,
09.03.2017 23:30,,,,,
09.03.2017 23:40,,,,,
09.03.2017 23:50,,,,,
10.03.2017 0:00,,,,,
10.03.2017 0:10,,,,,
10.03.2017 0:20,,,,,
10.03.2017 0:30,,,,,
10.03.2017 0:40,,,,,
10.03.2017 0:50,,,,,
10.03.2017 1:00,,,,,
10.03.2017 1:10,,,,,
10.03.2017 1:20,,,,,
10.03.2017 1:30,,,,,
10.03.2017 1:40,,,,,
10.03.2017 1:50,,,,,
10.03.2017 2:00,,,,,
10.03.2017 2:10,,,,,
10.03.2017 2:20,,,,,
10.03.2017 2:30,,,,,
10.03.2017 2:40,,,,,
10.03.2017 2:50,,,,,
10.03.2017 3:00,,,,,
10.03.2017 3:10,,,,,
10.03.2017 3:20,,,,,
10.03.2017 3:30,,,,,
10.03.2017 3:40,,,,,
10.03.2017 3:50,,,,,
10.03.2017 4:00,,,,,
10.03.2017 4:10,,,,,
10.03.2017 4:20,,,,,
10.03.2017 4:30,,,,,
10.03.2017 4:40,,,,,
10.03.2017 4:50,,,,,
10.03.2017 5:00,,,,,
10.03.2017 5:10,,,,,
10.03.2017 5:20,,,,,
10.03.2017 5:30,,,,,
10.03.2017 5:40,,,,,
10.03.2017 5:50,,,,,
10.03.2017 6:00,,,,,
10.03.2017 6:10,,,,,
10.03.2017 6:20,,,,,
10.03.2017 6:30,,,,,
10.03.2017 6:40,,,,,
10.03.2017 6:50,,,,,
10.03.2017 7:00,,,,,
10.03.2017 7:10,,,,,
10.03.2017 7:20,,,,,
10.03.2017 7:30,,,,,
10.03.2017 7:40,,,,,
10.03.2017 7:50,,,,,
10.03.2017 8:00,,,,,
10.03.2017 8:10,,,,,
10.03.2017 8:20,,,,,
10.03.2017 8:30,,,,,
10.03.2017 8:40,,,,,
10.03.2017 8:50,,,,,
10.03.2017 9:00,,,,,
10.03.2017 9:10,,,,,
10.03.2017 9:20,,,,,
10.03.2017 9:30,,,,,
10.03.2017 9:40,,,,,
10.03.2017 9:50,,,,,
10.03.2017 10:00,,,,,
10.03.2017 10:10,,,,,
10.03.2017 10:20,,,,,
10.03.2017 10:30,,,,,
10.03.2017 10:40,,,,,
10.03.2017 10:50,,,,,
10.03.2017 11:00,,,,,
10.03.2017 11:10,,,,,
10.03.2017 11:20,,,,,
10.03.2017 11:30,,,,,
10.03.2017 11:40,,,,,
10.03.2017 11:50,,,,,
10.03.2017 12:00,,,,,
10.03.2017 12:10,,,,,
10.03.2017 12:20,,,,,
10.03.2017 12:30,,,,,
10.03.2017 12:40,,,,,
10.03.2017 12:50,,,,,
10.03.2017 13:00,,,,,
10.03.2017 13:10,,,,,
10.03.2017 13:20,,,,,
10.03.2017 13:30,,,,,
10.03.2017 13:40,,,,,
10.03.2017 13:50,,,,,
10.03.2017 14:00,,,,,
10.03.2017 14:10,,,,,
10.03.2017 14:20,,,,,
10.03.2017 14:30,,,,,
10.03.2017 14:40,,,,,
10.03.2017 14:50,,,,,
10.03.2017 15:00,,,,,
10.03.2017 15:10,,,,,
10.03.2017 15:20,,,,,
10.03.2017 15:30,,,,,
10.03.2017 15:40,,,,,
10.03.2017 15:50,,,,,
10.03.2017 16:00,,,,,
10.03.2017 16:10,,,,,
10.03.2017 16:20,,,,,
10.03.2017 16:30,,,,,
10.03.2017 16:40,,,,,
10.03.2017 16:50,,,,,
10.03.2017 17:00,,,,,
10.03.2017 17:10,,,,,
10.03.2017 17:20,,,,,
10.03.2017 17:30,,,,,
10.03.2017 17:40,,,,,
10.03.2017 17:50,,,,,
10.03.2017 18:00,,,,,
10.03.2017 18:10,,,,,
10.03.2017 18:20,,,,,
10.03.2017 18:30,,,,,
10.03.2017 18:40,,,,,
10.03.2017 18:50,,,,,
10.03.2017 19:00,,,,,
10.03.2017 19:10,,,,,
10.03.2017 19:20,,,,,
10.03.2017 19:30,,,,,
10.03.2017 19:40,,,,,
10.03.2017 19:50,,,,,
10.03.2017 20:00,,,,,
10.03.2017 20:10,,,,,
10.03.2017 20:20,,,,,
10.03.2017 20:30,,,,,
10.03.2017 20:40,,,,,
10.03.2017 20:50,,,,,
10.03.2017 21:00,,,,,
10.03.2017 21:10,,,,,
10.03.2017 21:20,,,,,
10.03.2017 21:30,,,,,
10.03.2017 21:40,,,,,
10.03.2017 21:50,,,,,
10.03.2017 22:00,,,,,
10.03.2017 22:10,,,,,
10.03.2017 22:20,,,,,
10.03.2017 22:30,,,,,
10.03.2017 22:40,,,,,
10.03.2017 22:50,,,,,
10.03.2017 23:00,,,,,
10.03.2017 23:10,,,,,
10.03.2017 23:20,,,,,
10.03.2017 23:30,,,,,
10.03.2017 23:40,,,,,
10.03.2017 23:50,,,,,
11.03.2017 0:00,,,,,
11.03.2017 0:10,,,,,
11.03.2017 0:20,,,,,
11.03.2017 0:30,,,,,
11.03.2017 0:40,,,,,
11.03.2017 0:50,,,,,
11.03.2017 1:00,,,,,
11.03.2017 1:10,,,,,
11.03.2017 1:20,,,,,
11.03.2017 1:30,,,,,
11.03.2017 1:40,,,,,
11.03.2017 1:50,,,,,
11.03.2017 2:00,,,,,
11.03.2017 2:10,,,,,
11.03.2017 2:20,,,,,
11.03.2017 2:30,,,,,
11.03.2017 2:40,,,,,
11.03.2017 2:50,,,,,
11.03.2017 3:00,,,,,
11.03.2017 3:10,,,,,
11.03.2017 3:20,,,,,
11.03.2017 3:30,,,,,
11.03.2017 3:40,,,,,
11.03.2017 3:50,,,,,
11.03.2017 4:00,,,,,
11.03.2017 4:10,,,,,
11.03.2017 4:20,,,,,
11.03.2017 4:30,,,,,
11.03.2017 4:40,,,,,
11.03.2017 4:50,,,,,
11.03.2017 5:00,,,,,
11.03.2017 5:10,,,,,
11.03.2017 5:20,,,,,
11.03.2017 5:30,,,,,
11.03.2017 5:40,,,,,
11.03.2017 5:50,,,,,
11.03.2017 6:00,,,,,
11.03.2017 6:10,,,,,
11.03.2017 6:20,,,,,
11.03.2017 6:30,,,,,
11.03.2017 6:40,,,,,
11.03.2017 6:50,,,,,
11.03.2017 7:00,,,,,
11.03.2017 7:10,,,,,
11.03.2017 7:20,,,,,
11.03.2017 7:30,,,,,
11.03.2017 7:40,,,,,
11.03.2017 7:50,,,,,
11.03.2017 8:00,,,,,
11.03.2017 8:10,,,,,
11.03.2017 8:20,,,,,
11.03.2017 8:30,,,,,
11.03.2017 8:40,,,,,
11.03.2017 8:50,,,,,
11.03.2017 9:00,,,,,
11.03.2017 9:10,,,,,
11.03.2017 9:20,,,,,
11.03.2017 9:30,,,,,
11.03.2017 9:40,,,,,
11.03.2017 9:50,,,,,
11.03.2017 10:00,,,,,
11.03.2017 10:10,,,,,
11.03.2017 10:20,,,,,
11.03.2017 10:30,,,,,
11.03.2017 10:40,,,,,
11.03.2017 10:50,,,,,
11.03.2017 11:00,,,,,
11.03.2017 11:10,,,,,
11.03.2017 11:20,,,,,
11.03.2017 11:30,,,,,
11.03.2017 11:40,,,,,
11.03.2017 11:50,,,,,
11.03.2017 12:00,,,,,
11.03.2017 12:10,,,,,
11.03.2017 12:20,,,,,
11.03.2017 12:30,,,,,
11.03.2017 12:40,,,,,
11.03.2017 12:50,,,,,
11.03.2017 13:00,,,,,
11.03.2017 13:10,,,,,
11.03.2017 13:20,,,,,
11.03.2017 13:30,,,,,
11.03.2017 13:40,,,,,
11.03.2017 13:50,,,,,
11.03.2017 14:00,,,,,
11.03.2017 14:10,,,,,
11.03.2017 14:20,,,,,
11.03.2017 14:30,,,,,
11.03.2017 14:40,,,,,
11.03.2017 14:50,,,,,
11.03.2017 15:00,,,,,
11.03.2017 15:10,,,,,
11.03.2017 15:20,,,,,
11.03.2017 15:30,,,,,
11.03.2017 15:40,,,,,
11.03.2017 15:50,,,,,
11.03.2017 16:00,,,,,
11.03.2017 16:10,,,,,
11.03.2017 16:20,,,,,
11.03.2017 16:30,,,,,
11.03.2017 16:40,,,,,
11.03.2017 16:50,,,,,
11.03.2017 17:00,,,,,
11.03.2017 17:10,,,,,
11.03.2017 17:20,,,,,
11.03.2017 17:30,,,,,
11.03.2017 17:40,,,,,
11.03.2017 17:50,,,,,
11.03.2017 18:00,,,,,
11.03.2017 18:10,,,,,
11.03.2017 18:20,,,,,
11.03.2017 18:30,,,,,
11.03.2017 18:40,,,,,
11.03.2017 18:50,,,,,
11.03.2017 19:00,,,,,
11.03.2017 19:10,,,,,
11.03.2017 19:20,,,,,
11.03.2017 19:30,,,,,
11.03.2017 19:40,,,,,
11.03.2017 19:50,,,,,
11.03.2017 20:00,,,,,
11.03.2017 20:10,,,,,
11.03.2017 20:20,,,,,
11.03.2017 20:30,,,,,
11.03.2017 20:40,,,,,
11.03.2017 20:50,,,,,
11.03.2017 21:00,,,,,
11.03.2017 21:10,,,,,
11.03.2017 21:20,,,,,
11.03.2017 21:30,,,,,
11.03.2017 21:40,,,,,
11.03.2017 21:50,,,,,
11.03.2017 22:00,,,,,
11.03.2017 22:10,,,,,
11.03.2017 22:20,,,,,
11.03.2017 22:30,,,,,
11.03.2017 22:40,,,,,
11.03.2017 22:50,,,,,
11.03.2017 23:00,,,,,
11.03.2017 23:10,,,,,
11.03.2017 23:20,,,,,
11.03.2017 23:30,,,,,
11.03.2017 23:40,,,,,
11.03.2017 23:50,,,,,
12.03.2017 0:00,,,,,
12.03.2017 0:10,,,,,
12.03.2017 0:20,,,,,
12.03.2017 0:30,,,,,
12.03.2017 0:40,,,,,
12.03.2017 0:50,,,,,
12.03.2017 1:00,,,,,
12.03.2017 1:10,,,,,
12.03.2017 1:20,,,,,
12.03.2017 1:30,,,,,
12.03.2017 1:40,,,,,
12.03.2017 1:50,,,,,
12.03.2017 2:00,,,,,
12.03.2017 2:10,,,,,
12.03.2017 2:20,,,,,
12.03.2017 2:30,,,,,
12.03.2017 2:40,,,,,
12.03.2017 2:50,,,,,
12.03.2017 3:00,,,,,
12.03.2017 3:10,,,,,
12.03.2017 3:20,,,,,
12.03.2017 3:30,,,,,
12.03.2017 3:40,,,,,
12.03.2017 3:50,,,,,
12.03.2017 4:00,,,,,
12.03.2017 4:10,,,,,
12.03.2017 4:20,,,,,
12.03.2017 4:30,,,,,
12.03.2017 4:40,,,,,
12.03.2017 4:50,,,,,
12.03.2017 5:00,,,,,
12.03.2017 5:10,,,,,
12.03.2017 5:20,,,,,
12.03.2017 5:30,,,,,
12.03.2017 5:40,,,,,
12.03.2017 5:50,,,,,
12.03.2017 6:00,,,,,
12.03.2017 6:10,,,,,
12.03.2017 6:20,,,,,
12.03.2017 6:30,,,,,
12.03.2017 6:40,,,,,
12.03.2017 6:50,,,,,
12.03.2017 7:00,,,,,
12.03.2017 7:10,,,,,
12.03.2017 7:20,,,,,
12.03.2017 7:30,,,,,
12.03.2017 7:40,,,,,
12.03.2017 7:50,,,,,
12.03.2017 8:00,,,,,
12.03.2017 8:10,,,,,
12.03.2017 8:20,,,,,
12.03.2017 8:30,,,,,
12.03.2017 8:40,,,,,
12.03.2017 8:50,,,,,
12.03.2017 9:00,,,,,
12.03.2017 9:10,,,,,
12.03.2017 9:20,,,,,
12.03.2017 9:30,,,,,
12.03.2017 9:40,,,,,
12.03.2017 9:50,,,,,
12.03.2017 10:00,,,,,
12.03.2017 10:10,,,,,
12.03.2017 10:20,,,,,
12.03.2017 10:30,,,,,
12.03.2017 10:40,,,,,
12.03.2017 10:50,,,,,
12.03.2017 11:00,,,,,
12.03.2017 11:10,,,,,
12.03.2017 11:20,,,,,
12.03.2017 11:30,,,,,
12.03.2017 11:40,,,,,
12.03.2017 11:50,,,,,
12.03.2017 12:00,,,,,
12.03.2017 12:10,,,,,
12.03.2017 12:20,,,,,
12.03.2017 12:30,,,,,
12.03.2017 12:40,,,,,
12.03.2017 12:50,,,,,
12.03.2017 13:00,,,,,
12.03.2017 13:10,,,,,
12.03.2017 13:20,,,,,
12.03.2017 13:30,,,,,
12.03.2017 13:40,,,,,
12.03.2017 13:50,,,,,
12.03.2017 14:00,,,,,
12.03.2017 14:10,,,,,
12.03.2017 14:20,,,,,
12.03.2017 14:30,,,,,
12.03.2017 14:40,,,,,
12.03.2017 14:50,,,,,
12.03.2017 15:00,,,,,
12.03.2017 15:10,,,,,
12.03.2017 15:20,,,,,
12.03.2017 15:30,,,,,
12.03.2017 15:40,,,,,
12.03.2017 15:50,,,,,
12.03.2017 16:00,,,,,
12.03.2017 16:10,,,,,
12.03.2017 16:20,,,,,
12.03.2017 16:30,,,,,
12.03.2017 16:40,,,,,
12.03.2017 16:50,,,,,
12.03.2017 17:00,,,,,
12.03.2017 17:10,,,,,
12.03.2017 17:20,,,,,
12.03.2017 17:30,,,,,
12.03.2017 17:40,,,,,
12.03.2017 17:50,,,,,
12.03.2017 18:00,,,,,
12.03.2017 18:10,,,,,
12.03.2017 18:20,,,,,
12.03.2017 18:30,,,,,
12.03.2017 18:40,,,,,
12.03.2017 18:50,,,,,
12.03.2017 19:00,,,,,
12.03.2017 19:10,,,,,
12.03.2017 19:20,,,,,
12.03.2017 19:30,,,,,
12.03.2017 19:40,,,,,
12.03.2017 19:50,,,,,
12.03.2017 20:00,,,,,
12.03.2017 20:10,,,,,
12.03.2017 20:20,,,,,
12.03.2017 20:30,,,,,
12.03.2017 20:40,,,,,
12.03.2017 20:50,,,,,
12.03.2017 21:00,,,,,
12.03.2017 21:10,,,,,
12.03.2017 21:20,,,,,
12.03.2017 21:30,,,,,
12.03.2017 21:40,,,,,
12.03.2017 21:50,,,,,
12.03.2017 22:00,,,,,
12.03.2017 22:10,,,,,
12.03.2017 22:20,,,,,
12.03.2017 22:30,,,,,
12.03.2017 22:40,,,,,
12.03.2017 22:50,,,,,
12.03.2017 23:00,,,,,
12.03.2017 23:10,,,,,
12.03.2017 23:20,,,,,
12.03.2017 23:30,,,,,
12.03.2017 23:40,,,,,
12.03.2017 23:50,,,,,
